<?xml version="1.0"?>

<!DOCTYPE facelet-taglib PUBLIC
    "-//Sun Microsystems, Inc.//DTD Facelet Taglib 1.0//EN"
    "http://java.sun.com/dtd/facelet-taglib_1_0.dtd">

<facelet-taglib>
  <namespace>http://clarity/facelets/debug</namespace>
  <function>
    <function-name>showSource</function-name>
    <function-class>com.clarity.ELFunctions</function-class>
    <function-signature>
      void showSource(javax.faces.context.FacesContext,java.lang.String)
    </function-signature>
  </function>
    
</facelet-taglib>